﻿<?xml version="1.0" encoding="utf-8" standalone="no"?><Document xmlns:xsd="http://www.w3.org/2001/XMLSchema" xmlns:xsi="http://www.w3.org/2001/XMLSchema-instance" xmlns="urn:iso:std:iso:20022:tech:xsd:pain.001.001.04"><CstmrCdtTrfInitn><GrpHdr><MsgId>MC20200630_0008</MsgId><CreDtTm>2020-06-30T13:54:33.2325320+07:00</CreDtTm><NbOfTxs>1</NbOfTxs><InitgPty><Nm>KST</Nm><Id><OrgId><Othr><Id>02010222</Id><SchmeNm><Prtry>Mizuho Global e - Banking</Prtry></SchmeNm></Othr><Othr><Id>Version1</Id><SchmeNm><Prtry>SAGE300</Prtry></SchmeNm></Othr><Othr><Id>4.2.7</Id><SchmeNm><Prtry>Mizuho XML Mapping</Prtry></SchmeNm></Othr></OrgId></Id></InitgPty></GrpHdr><PmtInf><PmtInfId>001</PmtInfId><PmtMtd>TRF</PmtMtd><ReqdExctnDt>2020-07-30</ReqdExctnDt><Dbtr><Nm>KST</Nm></Dbtr><DbtrAcct><Id><Othr><Id>H10764006066</Id></Othr></Id></DbtrAcct><DbtrAgt><FinInstnId><BICFI>MHCBTHBK</BICFI></FinInstnId></DbtrAgt><CdtTrfTxInf><PmtId><InstrId>27065</InstrId><EndToEndId>0000000001</EndToEndId></PmtId><PmtTpInf><LclInstrm><Prtry>DB*MC</Prtry></LclInstrm><CtgyPurp><Cd>SUPP</Cd></CtgyPurp></PmtTpInf><Amt><InstdAmt Ccy="THB">67429.52</InstdAmt></Amt><ChrgBr>CRED</ChrgBr><CdtrAgt><FinInstnId><ClrSysMmbId><ClrSysId><Cd>THCBC</Cd></ClrSysId><MmbId>002</MmbId></ClrSysMmbId><Nm>BANGKOK BANK PUBLIC COMPANY LTD.</Nm></FinInstnId></CdtrAgt><Cdtr><Nm>S.E.A. Ring Co.,Ltd.</Nm><PstlAdr><PstCd>12000</PstCd><TwnNm>Pathumthani</TwnNm><Ctry>TH</Ctry><AdrLine>50/33 Moo6 T.Bangluang A.Muang,Phatumthaniphatumthani</AdrLine></PstlAdr></Cdtr><CdtrAcct><Id><Othr><Id>01474606298</Id></Othr></Id></CdtrAcct><InstrForDbtrAgt>O/0/O</InstrForDbtrAgt><Tax><Cdtr><TaxId>0105547095841</TaxId><TaxTp>002</TaxTp></Cdtr><RefNb>WHT027065</RefNb><Mtd>B</Mtd></Tax><RmtInf><Ustrd>InvoiceMC00002700065</Ustrd><Ustrd>||</Ustrd><Ustrd>||</Ustrd><Ustrd>||</Ustrd><Ustrd>||</Ustrd><Ustrd>||</Ustrd><Ustrd>1|0105539110845</Ustrd><Ustrd>1|0105547095841</Ustrd><Strd><RfrdDocInf><Tp><CdOrPrtry><Cd>CINV</Cd></CdOrPrtry></Tp><Nb>CN20-05-004</Nb></RfrdDocInf><RfrdDocAmt><DuePyblAmt Ccy="THB">-1013.50</DuePyblAmt><RmtdAmt Ccy="THB">-1013.50</RmtdAmt></RfrdDocAmt><CdtrRefInf><Tp><CdOrPrtry><Prtry>Payment end month of Jun 2020</Prtry></CdOrPrtry></Tp><Ref>1 B</Ref></CdtrRefInf><AddtlRmtInf>099</AddtlRmtInf></Strd><Strd><RfrdDocInf><Tp><CdOrPrtry><Cd>CINV</Cd></CdOrPrtry></Tp><Nb>GF20-05-001</Nb></RfrdDocInf><RfrdDocAmt><DuePyblAmt Ccy="THB">1460.28</DuePyblAmt><RmtdAmt Ccy="THB">1460.28</RmtdAmt></RfrdDocAmt><CdtrRefInf><Tp><CdOrPrtry><Prtry>Payment end month of Jun 2020</Prtry></CdOrPrtry></Tp><Ref>1 B</Ref></CdtrRefInf><AddtlRmtInf>099</AddtlRmtInf></Strd><Strd><RfrdDocInf><Tp><CdOrPrtry><Cd>CINV</Cd></CdOrPrtry></Tp><Nb>GF20-05-002</Nb></RfrdDocInf><RfrdDocAmt><DuePyblAmt Ccy="THB">642.00</DuePyblAmt><RmtdAmt Ccy="THB">642.00</RmtdAmt></RfrdDocAmt><CdtrRefInf><Tp><CdOrPrtry><Prtry>Payment end month of Jun 2020</Prtry></CdOrPrtry></Tp><Ref>1 B</Ref></CdtrRefInf><AddtlRmtInf>099</AddtlRmtInf></Strd><Strd><RfrdDocInf><Tp><CdOrPrtry><Cd>CINV</Cd></CdOrPrtry></Tp><Nb>GF20-05-003</Nb></RfrdDocInf><RfrdDocAmt><DuePyblAmt Ccy="THB">7383.00</DuePyblAmt><RmtdAmt Ccy="THB">7383.00</RmtdAmt></RfrdDocAmt><CdtrRefInf><Tp><CdOrPrtry><Prtry>Payment end month of Jun 2020</Prtry></CdOrPrtry></Tp><Ref>1 B</Ref></CdtrRefInf><AddtlRmtInf>099</AddtlRmtInf></Strd><Strd><RfrdDocInf><Tp><CdOrPrtry><Cd>CINV</Cd></CdOrPrtry></Tp><Nb>GF20-05-008</Nb></RfrdDocInf><RfrdDocAmt><DuePyblAmt Ccy="THB">1679.31</DuePyblAmt><RmtdAmt Ccy="THB">1679.31</RmtdAmt></RfrdDocAmt><CdtrRefInf><Tp><CdOrPrtry><Prtry>Payment end month of Jun 2020</Prtry></CdOrPrtry></Tp><Ref>1 B</Ref></CdtrRefInf><AddtlRmtInf>099</AddtlRmtInf></Strd><Strd><RfrdDocInf><Tp><CdOrPrtry><Cd>CINV</Cd></CdOrPrtry></Tp><Nb>GF20-05-009</Nb></RfrdDocInf><RfrdDocAmt><DuePyblAmt Ccy="THB">2525.20</DuePyblAmt><RmtdAmt Ccy="THB">2525.20</RmtdAmt></RfrdDocAmt><CdtrRefInf><Tp><CdOrPrtry><Prtry>Payment end month of Jun 2020</Prtry></CdOrPrtry></Tp><Ref>1 B</Ref></CdtrRefInf><AddtlRmtInf>099</AddtlRmtInf></Strd><Strd><RfrdDocInf><Tp><CdOrPrtry><Cd>CINV</Cd></CdOrPrtry></Tp><Nb>GF20-05-035</Nb></RfrdDocInf><RfrdDocAmt><DuePyblAmt Ccy="THB">10075.87</DuePyblAmt><RmtdAmt Ccy="THB">10075.87</RmtdAmt></RfrdDocAmt><CdtrRefInf><Tp><CdOrPrtry><Prtry>Payment end month of Jun 2020</Prtry></CdOrPrtry></Tp><Ref>1 B</Ref></CdtrRefInf><AddtlRmtInf>099</AddtlRmtInf></Strd><Strd><RfrdDocInf><Tp><CdOrPrtry><Cd>CINV</Cd></CdOrPrtry></Tp><Nb>GF20-05-040</Nb></RfrdDocInf><RfrdDocAmt><DuePyblAmt Ccy="THB">5037.93</DuePyblAmt><RmtdAmt Ccy="THB">5037.93</RmtdAmt></RfrdDocAmt><CdtrRefInf><Tp><CdOrPrtry><Prtry>Payment end month of Jun 2020</Prtry></CdOrPrtry></Tp><Ref>1 B</Ref></CdtrRefInf><AddtlRmtInf>099</AddtlRmtInf></Strd><Strd><RfrdDocInf><Tp><CdOrPrtry><Cd>CINV</Cd></CdOrPrtry></Tp><Nb>GF20-05-041</Nb></RfrdDocInf><RfrdDocAmt><DuePyblAmt Ccy="THB">4155.88</DuePyblAmt><RmtdAmt Ccy="THB">4155.88</RmtdAmt></RfrdDocAmt><CdtrRefInf><Tp><CdOrPrtry><Prtry>Payment end month of Jun 2020</Prtry></CdOrPrtry></Tp><Ref>1 B</Ref></CdtrRefInf><AddtlRmtInf>099</AddtlRmtInf></Strd><Strd><RfrdDocInf><Tp><CdOrPrtry><Cd>CINV</Cd></CdOrPrtry></Tp><Nb>GF20-05-046</Nb></RfrdDocInf><RfrdDocAmt><DuePyblAmt Ccy="THB">1679.31</DuePyblAmt><RmtdAmt Ccy="THB">1679.31</RmtdAmt></RfrdDocAmt><CdtrRefInf><Tp><CdOrPrtry><Prtry>Payment end month of Jun 2020</Prtry></CdOrPrtry></Tp><Ref>1 B</Ref></CdtrRefInf><AddtlRmtInf>099</AddtlRmtInf></Strd><Strd><RfrdDocInf><Tp><CdOrPrtry><Cd>CINV</Cd></CdOrPrtry></Tp><Nb>GF20-05-047</Nb></RfrdDocInf><RfrdDocAmt><DuePyblAmt Ccy="THB">3880.25</DuePyblAmt><RmtdAmt Ccy="THB">3880.25</RmtdAmt></RfrdDocAmt><CdtrRefInf><Tp><CdOrPrtry><Prtry>Payment end month of Jun 2020</Prtry></CdOrPrtry></Tp><Ref>1 B</Ref></CdtrRefInf><AddtlRmtInf>099</AddtlRmtInf></Strd><Strd><RfrdDocInf><Tp><CdOrPrtry><Cd>CINV</Cd></CdOrPrtry></Tp><Nb>GF20-05-048</Nb></RfrdDocInf><RfrdDocAmt><DuePyblAmt Ccy="THB">1701.30</DuePyblAmt><RmtdAmt Ccy="THB">1701.30</RmtdAmt></RfrdDocAmt><CdtrRefInf><Tp><CdOrPrtry><Prtry>Payment end month of Jun 2020</Prtry></CdOrPrtry></Tp><Ref>1 B</Ref></CdtrRefInf><AddtlRmtInf>099</AddtlRmtInf></Strd><Strd><RfrdDocInf><Tp><CdOrPrtry><Cd>CINV</Cd></CdOrPrtry></Tp><Nb>GF20-05-061</Nb></RfrdDocInf><RfrdDocAmt><DuePyblAmt Ccy="THB">9335.48</DuePyblAmt><RmtdAmt Ccy="THB">9335.48</RmtdAmt></RfrdDocAmt><CdtrRefInf><Tp><CdOrPrtry><Prtry>Payment end month of Jun 2020</Prtry></CdOrPrtry></Tp><Ref>1 B</Ref></CdtrRefInf><AddtlRmtInf>099</AddtlRmtInf></Strd><Strd><RfrdDocInf><Tp><CdOrPrtry><Cd>CINV</Cd></CdOrPrtry></Tp><Nb>GF20-05-065</Nb></RfrdDocInf><RfrdDocAmt><DuePyblAmt Ccy="THB">5872.53</DuePyblAmt><RmtdAmt Ccy="THB">5872.53</RmtdAmt></RfrdDocAmt><CdtrRefInf><Tp><CdOrPrtry><Prtry>Payment end month of Jun 2020</Prtry></CdOrPrtry></Tp><Ref>1 B</Ref></CdtrRefInf><AddtlRmtInf>099</AddtlRmtInf></Strd><Strd><RfrdDocInf><Tp><CdOrPrtry><Cd>CINV</Cd></CdOrPrtry></Tp><Nb>GF20-05-066</Nb></RfrdDocInf><RfrdDocAmt><DuePyblAmt Ccy="THB">6921.03</DuePyblAmt><RmtdAmt Ccy="THB">6921.03</RmtdAmt></RfrdDocAmt><CdtrRefInf><Tp><CdOrPrtry><Prtry>Payment end month of Jun 2020</Prtry></CdOrPrtry></Tp><Ref>1 B</Ref></CdtrRefInf><AddtlRmtInf>099</AddtlRmtInf></Strd><Strd><RfrdDocInf><Tp><CdOrPrtry><Cd>CINV</Cd></CdOrPrtry></Tp><Nb>GF20-05-067</Nb></RfrdDocInf><RfrdDocAmt><DuePyblAmt Ccy="THB">6093.65</DuePyblAmt><RmtdAmt Ccy="THB">6093.65</RmtdAmt></RfrdDocAmt><CdtrRefInf><Tp><CdOrPrtry><Prtry>Payment end month of Jun 2020</Prtry></CdOrPrtry></Tp><Ref>1 B</Ref></CdtrRefInf><AddtlRmtInf>099</AddtlRmtInf></Strd></RmtInf></CdtTrfTxInf></PmtInf></CstmrCdtTrfInitn></Document>